                  epoch,         train/box_loss,         train/cls_loss,         train/dfl_loss,   metrics/precision(B),      metrics/recall(B),       metrics/mAP50(B),    metrics/mAP50-95(B),           val/box_loss,           val/cls_loss,           val/dfl_loss,                 lr/pg0,                 lr/pg1,                 lr/pg2
                      1,                  1.366,                 1.7596,                 1.0824,                0.92653,                0.54992,                0.58547,                0.34788,                 1.3496,                0.88724,                 1.0386,             0.00047534,             0.00047534,             0.00047534
                      2,                 1.2284,                0.89649,                  1.024,                0.96906,                0.57692,                0.60881,                0.40125,                 1.0522,                0.69648,                0.97093,             0.00085745,             0.00085745,             0.00085745
                      3,                 1.1933,                0.76322,                 1.0095,                0.96746,                0.57236,                0.60582,                0.36836,                 1.2349,                0.68679,                 1.0281,              0.0011453,              0.0011453,              0.0011453
                      4,                 1.1272,                0.67705,                0.99363,                0.98067,                0.58041,                 0.6138,                0.43532,                0.91693,                0.53928,                0.93223,              0.0010046,              0.0010046,              0.0010046
                      5,                 1.0931,                0.63032,                0.97865,                0.95709,                0.57552,                0.60712,                0.40852,                0.98207,                 0.5765,                0.95226,              0.0010046,              0.0010046,              0.0010046
                      6,                 1.0704,                 0.5991,                0.97302,                0.97481,                0.57755,                0.61255,                0.45842,                0.80037,                0.52028,                0.90328,             0.00086312,             0.00086312,             0.00086312
